News_Data,1st Annotator,2nd Annotator,3rd Annotator,Voting Result,Final Take,Labelling
"Olahraga Pilates Makin Populer, Ini Deret Manfaatnya",Positive,Positive,Positive,Positive,Positive,1
"Janice Tjen Luar Biasa, Lolos di 2 Nomor Final Chennai Open",Positive,Positive,Positive,Positive,Positive,1
Siapakah Pasukan RSF yang Diduga Bantai Ribuan Warga Sipil Sudan?,Negative,Negative,Neutral,Negative,Negative,-1
Pertamina Peduli Salurkan Bantuan untuk Korban Bencana di Sukabumi,Positive,Positive,Neutral,Positive,Positive,1
"Cuaca Panas, Hujan hingga Banjir Rob Bayangi Sejumlah Wilayah Hari Ini",Negative,Negative,Neutral,Negative,Negative,-1
Reaksi Hector Souto Soal Timnas Futsal Disamakan dengan Tim Besar,Neutral,Neutral,Neutral,Neutral,Neutral,0
PB XIII Akan Dimakamkan di Imogiri Yogyakarta 4 November 2025,Neutral,Neutral,Neutral,Neutral,Neutral,0
"PB XIII, Naik Takhta di Tengah Konflik Raja Kembar Keraton Surakarta",Neutral,Neutral,Neutral,Neutral,Neutral,0
"VIDEO: Cuaca Ekstrem Datang, Pohon Tumbang Mengancam",Negative,Negative,Neutral,Negative,Negative,-1
Mesin Cuci Front Load Rp3 Jutaan di Transmart Full Day Sale Hari Ini,Neutral,Positive,Neutral,Neutral,Neutral,0
Man City vs Bournemouth: Big Match Tak Terduga di Awal Musim,Neutral,Neutral,Neutral,Neutral,Neutral,0
Pertamina Ajak Komunitas Otomotif Bertukar Ide Peningkatan Layanan,Positive,Positive,Neutral,Positive,Positive,1
Mengapa Perokok Lebih Rentan Alami Gangguan Mental?,Neutral,Neutral,Negative,Neutral,Neutral,0
Jonatan usai ke Final Hylo Open: Permainan Saya sedang Tidak In,Neutral,Negative,Neutral,Neutral,Neutral,0
"Penusukan Massal Terjadi di Dalam Kereta Inggris, 9 Orang Luka Parah",Negative,Negative,Neutral,Negative,Negative,-1
Raja Keraton Surakarta Pakubuwono XIII Meninggal Dunia,Neutral,Negative,Neutral,Neutral,Neutral,0
"Vidi Aldiano Umumkan Hiatus, Fokus ke Kesehatan",Neutral,Neutral,Neutral,Neutral,Neutral,0
"Ramon Ang, Anak Pemilik Bengkel Jadi Bos Bir Filipina Berharta Rp58 T",Neutral,Positive,Neutral,Neutral,Neutral,0
Produk Kebutuhan Harian Diskon hingga 20% di Transmart Full Day Sale,Neutral,Positive,Neutral,Neutral,Neutral,0
"6 Adab Menjenguk Orang Sakit, Muslim Wajib Perhatikan",Neutral,Neutral,Positive,Neutral,Neutral,0
"Hasil Playoff MLS Cup: Messi Cetak Gol, Inter Miami Kalah 1-2",Neutral,Neutral,Neutral,Neutral,Neutral,0
Alasan Megawati Tak Mau Punya HP: Saya Orang yang Dicari,Neutral,Neutral,Neutral,Neutral,Neutral,0
Terlalu Banyak Makan Wortel Bisa Bikin Kulit Kuning? Ini Faktanya,Neutral,Neutral,Neutral,Neutral,Neutral,0
Zulhas: Rupiah Digital Simbol Kedaulatan Ekonomi,Positive,Neutral,Positive,Positive,Positive,1
Korban Jiwa Akibat Badai Melissa Diperkirakan Terus Bertambah,Negative,Negative,Neutral,Negative,Negative,-1
FOTO: Timnas Futsal Cetak Rekor di Indonesia Arena,Positive,Positive,Neutral,Positive,Positive,1
"Hari Ini Transmart Full Day Sale Hujan Diskon, Cek Daftar Produknya",Neutral,Positive,Neutral,Neutral,Neutral,0
VIDEO: Projo Tak Akan Berubah Menjadi Partai Politik,Neutral,Neutral,Negative,Neutral,Neutral,0
"10 Hotel Terbaik di Dunia 2025, Thailand Punya 3 Wakil",Neutral,Positive,Neutral,Neutral,Neutral,0
Budi Arie Ungkap Alasan Ingin Gabung Gerindra,Neutral,Neutral,Neutral,Neutral,Neutral,0
Jadwal Siaran Langsung 3 Wakil Indonesia di Final Hylo Open 2025,Neutral,Positive,Neutral,Neutral,Neutral,0
"Peserta Harus Tahu, Ini Daftar Penyakit yang Ditanggung BPJS Kesehatan",Neutral,Neutral,Positive,Neutral,Neutral,0
"5 Fakta Masjid Al Aqsa, Kiblat Pertama Umat Islam yang Terancam Roboh",Neutral,Neutral,Neutral,Neutral,Neutral,0
Kaukus Kebebasan Akademik Tolak Usulan Soeharto Pahlawan Nasional,Neutral,Neutral,Neutral,Neutral,Neutral,0
Jadwal Siaran Langsung Persebaya vs Persis di Super League,Neutral,Neutral,Neutral,Neutral,Neutral,0
"Serbu Transmart Full Day Sale Sekarang, Ada Diskon 50% + 20%",Neutral,Positive,Neutral,Neutral,Neutral,0
VIDEO: Projo Tak Akan Berubah Menjadi Partai Politik,Neutral,Neutral,Neutral,Neutral,Neutral,0
30 Menit Sebelum Olahraga Sebaiknya Makan Apa? Ini 7 Rekomendasinya,Neutral,Neutral,Neutral,Neutral,Neutral,0
5 Rekomendasi Drama Korea Terbaru November 2025,Neutral,Neutral,Positive,Neutral,Neutral,0
"Sports Sepekan: Megawati Tinggalkan Manisa, Veda Ega Resmi ke Moto3",Neutral,Neutral,Neutral,Neutral,Neutral,0
Morgan Stanley Prediksi Harga Emas ke Angka Ini di 2026,Neutral,Neutral,Neutral,Neutral,Neutral,0
Kata-kata Pelatih Timnas Futsal Indonesia Usai Hajar Australia,Neutral,Neutral,Neutral,Neutral,Neutral,0
FOTO: Ratusan Mobil Antik Tersimpan Apik di Museum Kebon Vintage Car,Neutral,Positive,Neutral,Neutral,Neutral,0
"Hasil Liga Inggris: Emi Martinez Blunder, Liverpool Hajar Aston Villa",Neutral,Neutral,Neutral,Neutral,Neutral,0
"Hasil Liga Spanyol: Mbappe 2 Gol, Real Madrid Bantai Valencia",Neutral,Neutral,Neutral,Neutral,Neutral,0
"Kalah Saing dengan OpenAI, Microsoft Siapkan AI Ramah Anak",Positive,Positive,Neutral,Positive,Positive,1
"Hasil Liga Italia: Emil Audero Marah-marah, Cremonese Dihajar Juventus",Neutral,Neutral,Negative,Neutral,Neutral,0
"FOTO: China Luncurkan Roket Shenzhou-21 Lagi, Bawa Astronaut Termuda",Neutral,Positive,Neutral,Neutral,Neutral,0
"Hasil Chennai Open: Aldila/Janice Lolos ke Final, Lawan Banting Raket",Neutral,Positive,Neutral,Neutral,Neutral,0
"Disney-YouTube Gagal Negosiasi, Jutaan Warga AS Gigit Jari",Neutral,Neutral,Negative,Neutral,Neutral,0
"Dua Pria Tikam Penumpang Kereta Api, 9 Orang Terluka",Negative,Negative,Neutral,Negative,Negative,-1
Hasil Studi: Ciri Psikopat Bisa Dikenali dari Makanan Kesukaan,Neutral,Neutral,Neutral,Neutral,Neutral,0
Mengerikan! Ini 10 Badai Terbesar Dalam Sejarah Dunia,Neutral,Negative,Negative,Negative,Negative,-1
Presiden Korsel Minta Prabowo Lanjutkan Kerja Sama Proyek Jet Tempur,Positive,Neutral,Neutral,Neutral,Neutral,0
Banjir Besar! 31 Tewas dan Puluhan Masih Hilang,Negative,Negative,Neutral,Negative,Negative,-1
"Tanah Bisa Hilang Sekejap, Ini 4 Modus Kejam Mafia Tanah di Indonesia",Neutral,Negative,Neutral,Neutral,Neutral,0
Harga Perak Masih Menguat Sepekan di Tengah Tekanan The Fed,Neutral,Neutral,Neutral,Neutral,Neutral,0
"Menang Banyak Belanja di Transmart Hari Ini, Ada Diskon Besar!",Neutral,Positive,Neutral,Neutral,Neutral,0
IHSG Bisa Tergelincir di November! Polanya Mirip 2017 & 2021,Negative,Neutral,Neutral,Neutral,Neutral,0
Peneliti Asing Ungkap Ada Ancaman Besar di Wilayah RI Ini,Negative,Negative,Negative,Negative,Negative,-1
"PDIP Bongkar Fakta Lama Soal Kereta Cepat Whoosh, Sebut-Sebut Jokowi",Neutral,Neutral,Neutral,Neutral,Neutral,0
Cerita Menteri Keuangan RI Dicegat Masuk Istana Gara-Gara Kijang Tua,Neutral,Neutral,Neutral,Neutral,Neutral,0
IHSG Bisa Tergelincir di November! Polanya Mirip 2017 & 2021,Negative,Neutral,Neutral,Neutral,Neutral,0
Morgan Stanley Prediksi Harga Emas Bakal Tembus Segini,Neutral,Neutral,Neutral,Neutral,Neutral,0
"Pesawat Airbus Mendarat Darurat, 15 Penumpang Dilarikan ke RS",Negative,Negative,Neutral,Negative,Negative,-1
IHSG Bisa Tergelincir di November! Polanya Mirip 2017 & 2021,Negative,Neutral,Neutral,Neutral,Neutral,0
Peneliti Asing Ungkap Ada Ancaman Besar di Wilayah RI Ini,Negative,Negative,Negative,Negative,Negative,-1
Cerita Menteri Keuangan RI Dicegat Masuk Istana Gara-Gara Kijang Tua,Neutral,Neutral,Neutral,Neutral,Neutral,0
"Pertama di Asia Tenggara, Telkomsel & OpenAI Rilis Paket ChatGPT Go",Neutral,Positive,Neutral,Neutral,Neutral,0
"Ada 6 Bank Bangkrut di RI, Ini Daftarnya",Negative,Negative,Neutral,Negative,Negative,-1
"Wanita Ini Telah Hidup 116 Tahun, Rahasianya Bikin Kaget!",Positive,Neutral,Positive,Positive,Positive,1
"Bukan AI, Para Raksasa Teknologi Panen Cuan dari Sini",Neutral,Neutral,Positive,Neutral,Neutral,0
"PDIP Bongkar Fakta Lama Soal Kereta Cepat Whoosh, Sebut-Sebut Jokowi",Neutral,Neutral,Negative,Neutral,Neutral,0
Mau Gaji Naik Tanpa Kuliah Lagi? Kuasai Skill Ini!,Neutral,Positive,Positive,Positive,Positive,1
Era Baru Gaming Dimulai: AI Akan Kuasai Industri Bernilai Rp3.000 T,Neutral,Neutral,Neutral,Neutral,Neutral,0
"PDIP Bongkar Fakta Lama Soal Kereta Cepat Whoosh, Sebut-Sebut Jokowi",Neutral,Neutral,Negative,Neutral,Neutral,0
Cerita Menteri Keuangan RI Dicegat Masuk Istana Gara-Gara Kijang Tua,Neutral,Neutral,Neutral,Neutral,Neutral,0
IHSG Bisa Tergelincir di November! Polanya Mirip 2017 & 2021,Negative,Neutral,Neutral,Neutral,Neutral,0
Morgan Stanley Prediksi Harga Emas Bakal Tembus Segini,Neutral,Neutral,Neutral,Neutral,Neutral,0
"Pesawat Airbus Mendarat Darurat, 15 Penumpang Dilarikan ke RS",Negative,Negative,Neutral,Negative,Negative,-1
Ahli Gizi Jepang Beberkan 5 Buah Bisa Bikin Panjang Umur & Sehat,Positive,Positive,Neutral,Positive,Positive,1
"Warren Buffett Mau Pamit dari Berkshire, Tinggalkan Uang Rp6.240 T",Neutral,Neutral,Neutral,Neutral,Neutral,0
Megawati Bicara Soal Hubungannya dengan Presiden Prabowo,Neutral,Neutral,Neutral,Neutral,Neutral,0
"Tingkatkan Kualitas Layanan, Pertamina Ajak Diskusi Komunitas Otomotif",Positive,Positive,Neutral,Positive,Positive,1
"Presiden Korsel Minta Tolong Xi Jinping Soal Kim Jong-un, Bilang Gini",Neutral,Neutral,Neutral,Neutral,Neutral,0
"Marak Orang Kaya Jepang Ambil Langkah ""Tabu"", Ekonomi Terancam Panas",Neutral,Neutral,Negative,Neutral,Neutral,0
Siap-Siap La Nina Datang. Begini Dampaknya di Musim Hujan RI,Neutral,Negative,Negative,Negative,Negative,-1
"Termasuk Ikan Napoleon Bibir Tebal, Senjata Vitalitas Pria Ini Ada RI",Neutral,Neutral,Neutral,Neutral,Neutral,0
"Mentan Amran-Ketua MPR Turun Sidak Kios Pupuk, Begini Hasil Temuannya",Neutral,Positive,Neutral,Neutral,Neutral,0
"2.817 Warga Korea Tewas Bunuh Diri Tahun 2024, Ini Umur-Penyebabnya",Negative,Negative,Neutral,Negative,Negative,-1
"PDIP Bongkar Fakta Lama Soal Kereta Cepat Whoosh, Sebut-Sebut Jokowi",Neutral,Neutral,Negative,Neutral,Neutral,0
Cerita Menteri Keuangan RI Dicegat Masuk Istana Gara-Gara Kijang Tua,Neutral,Neutral,Neutral,Neutral,Neutral,0
IHSG Bisa Tergelincir di November! Polanya Mirip 2017 & 2021,Negative,Neutral,Neutral,Neutral,Neutral,0
Morgan Stanley Prediksi Harga Emas Bakal Tembus Segini,Neutral,Neutral,Neutral,Neutral,Neutral,0
"Pesawat Airbus Mendarat Darurat, 15 Penumpang Dilarikan ke RS",Negative,Negative,Neutral,Negative,Negative,-1
"Magang Digaji Batch II Dibuka, Hampir 2.000 Perusahaan Ikut Daftar",Positive,Positive,Positive,Positive,Positive,1
Potret Demo Besar Ribuan Mahasiswa-Petani Naik Traktor Guncang Serbia,Negative,Neutral,Neutral,Neutral,Neutral,0
"RI Siaga 1! BMKG Ingatkan Ancaman Badai Mirip Seroja, La Nina OTW",Negative,Negative,Negative,Negative,Negative,-1
"Apa Itu Badai Melissa di Jamaika, Kenapa Bisa Picu Malapetaka Dahsyat?",Neutral,Neutral,Neutral,Neutral,Neutral,0
"Megathrust Intai RI-Petaka Banjir Mengancam, Siapkan Tas Siaga Bencana",Negative,Negative,Negative,Negative,Negative,-1
"23 Juta Orang Nunggak, Berapa Iuran BPJS Kesehatan Berlaku 1 November?",Neutral,Negative,Negative,Negative,Negative,-1
Kredit KB Bank Tumbuh Double Digit di Kuartal III-2025,Positive,Positive,Neutral,Positive,Positive,1
"Dari AC Hingga Kulkas, Aneka Elektronik Banting Harga di Transmart",Neutral,Positive,Neutral,Neutral,Neutral,0
"Apa Itu Penyakit Gangguan Genetik MLD yang Harga Obatnya Rp70,5 M?",Neutral,Neutral,Neutral,Neutral,Neutral,0
"Ada Masalah Apa Sampai Pengusaha-Buruh Mau Datang ""Bertemu"" Purbaya?",Neutral,Neutral,Neutral,Neutral,Neutral,0
"PDIP Bongkar Fakta Lama Soal Kereta Cepat Whoosh, Sebut-Sebut Jokowi",Neutral,Neutral,Negative,Neutral,Neutral,0
Cerita Menteri Keuangan RI Dicegat Masuk Istana Gara-Gara Kijang Tua,Neutral,Neutral,Neutral,Neutral,Neutral,0
IHSG Bisa Tergelincir di November! Polanya Mirip 2017 & 2021,Negative,Neutral,Neutral,Neutral,Neutral,0
Morgan Stanley Prediksi Harga Emas Bakal Tembus Segini,Neutral,Neutral,Neutral,Neutral,Neutral,0
"Pesawat Airbus Mendarat Darurat, 15 Penumpang Dilarikan ke RS",Negative,Negative,Neutral,Negative,Negative,-1
Peran Pendidikan Global dalam Transformasi Jakarta 2030,Positive,Positive,Neutral,Positive,Positive,1
Video: Bankir Bongkar Jurus Jaga Kualitas Kredit - Nasib Kantor Cabang,Neutral,Positive,Neutral,Neutral,Neutral,0
"Badai PHK Ribuan Orang di Raksasa Teknologi Amazon, Meta-Microsoft",Negative,Negative,Neutral,Negative,Negative,-1
"Siap-Siap Puncak Musim Hujan Dimulai, Ini Penjelasan Kepala BMKG",Neutral,Neutral,Neutral,Neutral,Neutral,0
Siap Pergi Liburan! Koper Banting Harga di Transmart Full Day Sale,Neutral,Positive,Neutral,Neutral,Neutral,0
Peringatan Terbaru Kepala BMKG Ungkap Kapan La Nina Hantam RI,Neutral,Negative,Negative,Negative,Negative,-1
"Menteri LH Keluarkan Keputusan Baru, Daerah Ini Resmi Darurat Sampah",Negative,Negative,Negative,Negative,Negative,-1
"Jamur Langka ""Truffle RI"" Ini Muncul Efek Petir, Harganya Rp4 Juta/Kg",Neutral,Neutral,Negative,Neutral,Neutral,0
Video: Jurus Asuransi Properti Manfaatkan Insentif Prabowo - Purbaya,Neutral,Positive,Neutral,Neutral,Neutral,0
"Sambut Bulan Baru, Saatnya Belanja di Transmart Full Day Sale",Neutral,Positive,Neutral,Neutral,Neutral,0
"PDIP Bongkar Fakta Lama Soal Kereta Cepat Whoosh, Sebut-Sebut Jokowi",Neutral,Neutral,Negative,Neutral,Neutral,0
Cerita Menteri Keuangan RI Dicegat Masuk Istana Gara-Gara Kijang Tua,Neutral,Neutral,Neutral,Neutral,Neutral,0
IHSG Bisa Tergelincir di November! Polanya Mirip 2017 & 2021,Negative,Neutral,Neutral,Neutral,Neutral,0
Morgan Stanley Prediksi Harga Emas Bakal Tembus Segini,Neutral,Neutral,Neutral,Neutral,Neutral,0
"Pesawat Airbus Mendarat Darurat, 15 Penumpang Dilarikan ke RS",Negative,Negative,Neutral,Negative,Negative,-1
Obama Kritik Tajam Trump: Negara Kita Sedang di Masa yang Cukup Gelap,Negative,Neutral,Negative,Negative,Negative,-1
Permasalahan TKA dan Jalan Tengahnya,Neutral,Neutral,Negative,Neutral,Neutral,0
Video: Prabowo dan Presiden Korsel Lee Jae Sepakat Perkuat Kerjasama Militer,Positive,Neutral,Neutral,Neutral,Neutral,0
"Operasi Atasi Balap Liar, Kakorlantas: Penyitaan Kendaraan Langkah Terakhir",Neutral,Neutral,Neutral,Neutral,Neutral,0
Arahan Kakorlantas Cegah Balap Liar: Polantas Patroli di Malam-Dini Hari,Positive,Neutral,Neutral,Neutral,Neutral,0
Partai PRIMA Dukung 'Anti-Serakahnomics' Prabowo ke Pemimpin Dunia,Neutral,Neutral,Neutral,Neutral,Neutral,0
Video: Warga Tak Masalah Nama Tanggul Baswedan Diganti Jadi Pramono,Neutral,Neutral,Neutral,Neutral,Neutral,0
"Israel Serang Lebanon, 4 Orang Tewas",Negative,Negative,Neutral,Negative,Negative,-1
Raja Keraton Solo Pakubuwono XIII Tutup Usia,Neutral,Negative,Neutral,Neutral,Neutral,0
"Orkes Dangdut Meriahkan CFD Bundaran HI, Warga Olahraga Sambil Joget Bareng",Positive,Neutral,Neutral,Neutral,Neutral,0
Video Saat Megawati Bilang Akrab dengan Prabowo: Jangan Anda Coba-coba!,Neutral,Neutral,Negative,Neutral,Neutral,0
Papan Nama Miring Pasar Barito,Neutral,Neutral,Neutral,Neutral,Neutral,0
"Kemensos Gelar November Run, Ribuan Peserta Lari Bareng Mensos-Seskab Teddy",Positive,Positive,Neutral,Positive,Positive,1
"Dekatkan Golkar dan Rakyat, SOKSI Bagikan Sembako ke Sopir Ojek di Jakarta",Positive,Positive,Neutral,Positive,Positive,1
"Cerita Warga Ajak Keluarga ke CFD Depok: Jujur, Tujuan Utamanya Jajan",Neutral,Positive,Neutral,Neutral,Neutral,0
"Video Terpopuler Sepekan: Whoosh Masuk Radar KPK, Biaya Haji Turun Rp 2 Juta",Neutral,Positive,Neutral,Neutral,Neutral,0
Pupuk Kaltim Raih Predikat Tertinggi Indonesia Responsible Care Award,Positive,Positive,Positive,Positive,Positive,1
Segudang Strategi Pemprov Antisipasi Banjir yang Ancam Jakarta,Positive,Positive,Negative,Positive,Positive,1
Serakahnomics Dibawa Prabowo ke Level Asia Pasifik,Neutral,Positive,Neutral,Neutral,Neutral,0
Lestari Moerdijat Dorong Perempuan Kuasai Pertanian Ramah Lingkungan,Positive,Positive,Neutral,Positive,Positive,1
Fraksi Gerindra Segera Aktifkan Sara di DPR Lagi: Biar Tak Ada Kekosongan,Neutral,Neutral,Neutral,Neutral,Neutral,0
Merawat Budaya Depok Lewat Goresan Batik,Positive,Positive,Neutral,Positive,Positive,1
"7 Ha Lahan di Rohil Terbakar gara-gara Puntung Rokok, Pelaku Ditangkap",Negative,Negative,Neutral,Negative,Negative,-1
Nasib Berbeda Onad dan Istri Usai Diamankan Terkait Narkoba,Neutral,Negative,Neutral,Neutral,Neutral,0
"Dekontaminasi Radiasi di Cikande Ditarget Beres Pekan Depan, Warga Bisa Pulang",Positive,Negative,Neutral,TIED,Neutral,0
"Video: Kecelakaan di Tanjakan Cae Sumedang, 3 Orang Tewas",Negative,Negative,Neutral,Negative,Negative,-1
Karung Pasir Tak Kuasa Tahan Luapan Jebolnya Tanggul Baswedan,Negative,Negative,Neutral,Negative,Negative,-1
"Onad Menunduk Saat Diperiksa, Mengaku Menyesal Pakai Narkoba",Neutral,Positive,Neutral,Neutral,Neutral,0
Pesan Jokowi Lewat Video Usai Batal ke Kongres Projo,Neutral,Neutral,Neutral,Neutral,Neutral,0
Video Umrah Mandiri Vs Travel: Mau Praktis atau Taktis?,Neutral,Neutral,Neutral,Neutral,Neutral,0
"Bupati Sudewo Lolos Pemakzulan, Kemendagri Wanti-wanti Hal Ini",Neutral,Neutral,Neutral,Neutral,Neutral,0
Tersisa Cerita Perjuangan Tembus Macet Panjang Gara-gara Banjir Kemang,Negative,Negative,Neutral,Negative,Negative,-1
Awal Mula Polisi Bongkar Kasus Narkoba yang Jerat Onad,Neutral,Negative,Neutral,Neutral,Neutral,0
Trump Ancam Aksi Militer di Nigeria Terkait Pembunuhan Umat Kristen,Negative,Neutral,Neutral,Neutral,Neutral,0
Terbuka Sudah Harta Karun Firaun Muda,Neutral,Positive,Neutral,Neutral,Neutral,0
"Gempa M 4,9 Guncang Meulaboh Aceh Barat",Negative,Negative,Neutral,Negative,Negative,-1
"Prakiraan Cuaca Jakarta: Jakpus, Jakbar dan Jaksel Hujan Riang Siang Ini",Neutral,Neutral,Neutral,Neutral,Neutral,0
"Hendak Usir Tentara Rusia, Ukraina Kirim Pasukan Khusus ke Pokrovsk",Neutral,Neutral,Neutral,Neutral,Neutral,0
"Truk Tangki BBM Terbakar Usai Terguling di Cianjur, Pos Polisi-Ruko Hangus",Negative,Negative,Neutral,Negative,Negative,-1
"Tanah Longsor Terjang Kenya, 21 Orang Tewas- 30 Lainnya Masih Hilang",Negative,Negative,Neutral,Negative,Negative,-1
Dirjen Hubdat Cek Terminal hingga Jalan Rawan Laka Serentak 7 November,Positive,Neutral,Neutral,Neutral,Neutral,0
"Tambang Emas Ilegal di Kampar Ditindak Tegas, 7 Rakit PETI Disita Polisi",Positive,Neutral,Neutral,Neutral,Neutral,0
"Bareskrim Gerebek Tambang Ilegal di Lereng Merapi, Omzet Capai Rp 3 T",Positive,Positive,Neutral,Positive,Positive,1
Sejarawan soal Usul Soeharto Pahlawan: Seperti Beri Nobel Perdamaian ke Trump,Neutral,Neutral,Neutral,Neutral,Neutral,0
"Wujudkan Green Policing, Polres Rohul Tanam Pohon Serentak di 22 Lokasi",Positive,Neutral,Neutral,Neutral,Neutral,0
"Tanam Peduli Lingkungan Sejak Dini, Polisi Edukasi Green Policing di TK Dumai",Positive,Positive,Neutral,Positive,Positive,1
Ketua Komisi XI DPR Dorong Masyarakat Bantu Pembangunan Nasional,Positive,Positive,Neutral,Positive,Positive,1
"Polisi di Kota Tangerang Berbagi Sembako, Ajak Warga Jaga Kamtibmas",Positive,Positive,Neutral,Positive,Positive,1
Video Kapan Puncak Musim Hujan di Indonesia? Ini Kata BMKG,Neutral,Positive,Neutral,Neutral,Neutral,0
Ketua KNPI Apresiasi Presiden Korsel Bahas Konferensi Asia-Afrika di KTT APEC,Positive,Neutral,Neutral,Neutral,Neutral,0
Jawaban Singkat Trump soal Desas-desus AS Serang Venezuela,Neutral,Neutral,Neutral,Neutral,Neutral,0
"Video Polisi Gerebek Tambang Ilegal di Lereng Merapi, Rugikan Negara Rp 3 T",Positive,Negative,Neutral,TIED,Neutral,0
"Kelompok Bersenjata Tembaki Rumah-rumah di Yunani, 2 Orang Tewas",Negative,Negative,Neutral,Negative,Negative,-1
"Video: Pemasok Narkoba ke Onad Ditangkap, Ini Barbuk yang Disita Polisi",Neutral,Negative,Neutral,Neutral,Neutral,0
"Danrem Wira Bima Tanam Pohon di Polres Siak, Dukung Green Policing",Positive,Positive,Neutral,Positive,Positive,1
"Megawati: Saya sama Mas Bowo Akrab, Jangan Anda Coba-coba!",Neutral,Neutral,Neutral,Neutral,Neutral,0
Video: Heboh Wanita Naik Motor Tanpa Helm Masuk Tol Cikampek,Neutral,Negative,Neutral,Neutral,Neutral,0
"Video Budi Arie: Projo Tak Akan Jadi Partai, Bakal Ganti Logo Jokowi",Neutral,Neutral,Neutral,Neutral,Neutral,0
Video: Respons Dasco Setelah Budi Arie Beri Sinyal Gabung Gerindra,Neutral,Neutral,Neutral,Neutral,Neutral,0
"Wamentrans Sebut Transmigran Dapat HPL 1-2 Hektare, Ini Tujuannya",Neutral,Positive,Neutral,Neutral,Neutral,0
"Video Ada Konser BLACKPINK-HYDE, Ini Pantauan Lalin Jalan Asia Afrika",Neutral,Neutral,Neutral,Neutral,Neutral,0
Alasan di Balik Tak Ada Ponsel di Genggaman Megawati,Neutral,Neutral,Neutral,Neutral,Neutral,0
"Hampir Ditabrak Mobil, 2 Orang di Jakut Malah Dikeroyok Sopir dan Penumpang",Negative,Negative,Neutral,Negative,Negative,-1
Petaka bagi Onad yang Positif Narkoba,Neutral,Negative,Neutral,Neutral,Neutral,0
"Ngerinya Tabrakan di Bekasi, Kepala Truk Sampai Gepeng Usai Kecelakaan",Negative,Negative,Neutral,Negative,Negative,-1
"Banjir Rendam 895 Rumah di Rowokangkung, Lumajang, Pemkab Salurkan Bantuan",Negative,Negative,Neutral,Negative,Negative,-1
"Dinilai Sukses Sinergikan Pusat-Daerah, Tito Raih CNN Indonesia Awards 2025",Positive,Positive,Neutral,Positive,Positive,1
"Polemik Utang Whoosh, Hasto Sebut PDIP Sudah 3 Kali Ingatkan Jokowi",Neutral,Negative,Negative,Negative,Negative,-1
"Resmikan Gedung SPPG di Baubau, Bima Arya Tegaskan Dua Target Utama MBG",Positive,Neutral,Neutral,Neutral,Neutral,0
Program KAS PAM Jaya untuk Biaya Flat Murah Air bagi RTSS : Hemat & Efisien,Positive,Positive,Neutral,Positive,Positive,1
Video Prabowo Tiba di RI Setelah Selesai Menghadiri KTT APEC di Korsel,Neutral,Neutral,Neutral,Neutral,Neutral,0
HNW Kecam Keras Anggota Kongres AS soal Pencaplokan Kompleks Al-Aqsa,Neutral,Negative,Neutral,Neutral,Neutral,0
Video Budi Arie Persilakan Penegak Hukum Periksa Whoosh,Neutral,Neutral,Neutral,Neutral,Neutral,0
Anak 6 Tahun di Bekasi Tewas Disengat Tawon,Negative,Negative,Neutral,Negative,Negative,-1
Penjual Jas Hujan 'Banjir' Rezeki di Konser BLACKPINK,Positive,Positive,Neutral,Positive,Positive,1
"Jelang Hari Pahlawan, Mensos Doa Bersama Komunitas Pemulung Bantargebang",Positive,Neutral,Neutral,Neutral,Neutral,0
Pemasok Narkoba ke Onad Ditangkap!,Positive,Negative,Neutral,TIED,Neutral,0
"Iseng Berujung Cuan, Mina-Sinci Buka Jasa Kepang Rambut di Konser BLACKPINK",Neutral,Positive,Neutral,Neutral,Neutral,0
"Jalani Tes Urine, Teman Onadio Leonardo yang Ditangkap Juga Positif Narkoba",Negative,Negative,Neutral,Negative,Negative,-1
Megawati Minta Hati-hati Beri Gelar Pahlawan: Jangan Gampang Dong!,Neutral,Neutral,Negative,Neutral,Neutral,0
Israel Bilang 3 Jasad yang Diserahkan Hamas Bukan Sandera,Neutral,Neutral,Neutral,Neutral,Neutral,0
Video Budi Arie Arahkan Kader Projo Dukung MBG-Sekolah Rakyat,Neutral,Neutral,Neutral,Neutral,Neutral,0
"Sempat Hilang, ABK di Jakut Ditemukan Tewas Tenggelam",Negative,Negative,Neutral,Negative,Negative,-1
Prabowo Tiba di Halim Usai Hadiri KTT APEC di Korsel,Neutral,Neutral,Neutral,Neutral,Neutral,0
Yordania-Jerman Tegaskan Pasukan Internasional di Gaza Perlu Mandat PBB,Positive,Neutral,Neutral,Neutral,Neutral,0
"Tindak Tegas Online Scam, Satgas Siber PMJ Blokir Ribuan Situs-Rekening Ilegal",Positive,Negative,Neutral,TIED,Neutral,0
"3 Hari Kebanjiran, Warga Jati Padang Mulai Alami Gatal hingga Diare",Negative,Negative,Neutral,Negative,Negative,-1
Anti Scam Center Polda Metro Bisa Blokir Rekening Penipu Cuma 15 Menit!,Positive,Positive,Neutral,Positive,Positive,1
5 Berita Terpopuler Internasional Hari Ini,Neutral,Positive,Neutral,Neutral,Neutral,0
"Tangani Masalah Lansia, Kemensos Gelar Pelatihan Care Economy di Sulsel",Positive,Positive,Neutral,Positive,Positive,1
Video: Pria di Riau Dibunuh Teman-Dikubur Pakai Terpal gegara Masalah WiFi,Negative,Negative,Neutral,Negative,Negative,-1
Kemensos Salurkan Santunan Korban Robohnya Atap Ponpes di Situbondo,Positive,Positive,Neutral,Positive,Positive,1
"Rumah Jebol Diterjang Banjir, Warga di Jati Padang Tak Berani Tidur di Rumah",Negative,Negative,Neutral,Negative,Negative,-1
Wamentrans Viva Sampaikan 4 Amanat Prabowo untuk Transmigran,Neutral,Neutral,Neutral,Neutral,Neutral,0
"Hendak Antar Anak Sekolah, Warga Temukan Mayat Pria di Pinggir Kali Jakbar",Negative,Negative,Neutral,Negative,Negative,-1
Video: Ketua RW Jelaskan Asal Mula Nama Tanggul Baswedan di Jati Padang,Neutral,Neutral,Neutral,Neutral,Neutral,0
"Logo Projo Tak Lagi Jokowi, Ini Bocorannya",Neutral,Neutral,Neutral,Neutral,Neutral,0
Kapolda Riau: Hulubalang Garda Terdepan Penjaga Adat dan Pelindung Alam,Positive,Neutral,Neutral,Neutral,Neutral,0
"Budi Arie Ungkap Rencana Gabung Gerindra, Dasco: Saya Belum Dengar",Neutral,Neutral,Neutral,Neutral,Neutral,0
Megawati Tawarkan Pancasila Jadi Etika Global,Neutral,Positive,Positive,Positive,Positive,1
"Viral Tenaga Kerja Asing Tewas Dikeroyok, PT IMIP Buka Suara",Negative,Negative,Neutral,Negative,Negative,-1
"Pendidikan Politik Digital untuk Gen Z, Kritis dan Cerdas di Medsos!",Positive,Positive,Positive,Positive,Positive,1
"Heboh Isu Penculikan Anak di Flores, Polisi Pastikan Hoax",Neutral,Negative,Neutral,Neutral,Neutral,0
Hoax Pembatasan Isi BBM dan Larangan buat Penunggak Pajak,Neutral,Negative,Negative,Negative,Negative,-1
Duduk Perkara Heboh 'Pocong' di Bekasi Usai Warga Hilang Uang,Negative,Neutral,Neutral,Neutral,Neutral,0
"Viral Narasi 11 Orang Meninggal di Jabar Akibat Keracunan MBG, BGN Pastikan Hoax",Neutral,Negative,Neutral,Neutral,Neutral,0
"Diisukan Meninggal, Andre Taulany Boyong Para Sahabat Untuk Makan Bersama",Neutral,Negative,Neutral,Neutral,Neutral,0
Potret Model Only Fans Jadi Korban Hoax Disebut Pacar Baru Gerard Pique,Neutral,Negative,Neutral,Neutral,Neutral,0
Parah! Akun Twitter Palsu Centang Biru Bikin Resah,Negative,Neutral,Negative,Negative,Negative,-1
Momen Hangat Wendi Cagur Saat Santap Bareng Keluarga,Neutral,Positive,Neutral,Neutral,Neutral,0
Potret Politikus PDIP yang Laporkan Hoax 'Megawati Meninggal',Neutral,Neutral,Neutral,Neutral,Neutral,0
"Viral Kendaraan Pajak Mati Tak Boleh Isi BBM, Wakapolda Metro: Hoax!",Neutral,Negative,Neutral,Neutral,Neutral,0
"Viral Foto Truk Tangki Pertamina Isi BBM di SPBU Shell, Dipastikan Hoax",Neutral,Negative,Neutral,Neutral,Neutral,0
Fakta di Balik Video Viral Pajak Kendaraan Mati Dilarang Beli BBM,Neutral,Negative,Neutral,Neutral,Neutral,0
Petinggi FIFA Jadi Korban Hoaks Soal Erick Thohir Rangkap Jabatan,Neutral,Neutral,Neutral,Neutral,Neutral,0
"PKS Setuju 1 Orang 1 Akun di Tiap Medsos, Harap Minimalkan Hoax",Neutral,Neutral,Neutral,Neutral,Neutral,0
"Hoax Seret Nama Maharani Kemala, Suami Tempuh Jalur Hukum",Neutral,Neutral,Neutral,Neutral,Neutral,0
Awas Hoax! Eko Patrio Minta Masyarakat Gak Termakan Isu Bohong Tentangnya,Neutral,Neutral,Neutral,Neutral,Neutral,0
Fakta 'Black Mamba' di Rumah Ahmad Sahroni yang Ternyata Hoax,Neutral,Neutral,Neutral,Neutral,Neutral,0
"Viral Narasi Mobil Dijarah Usai Tertabrak KA di Kendal, Ini Faktanya",Neutral,Neutral,Neutral,Neutral,Neutral,0
Jangan Tertipu! Akun TikTok @lokercpns7 Sebar Hoax 'Pendaftaran CPNS Imigrasi',Negative,Negative,Neutral,Negative,Negative,-1
"Diisukan Meninggal, Andre Taulany Boyong Para Sahabat Untuk Makan Bersama",Neutral,Negative,Neutral,Neutral,Neutral,0
Potret Model Only Fans Jadi Korban Hoax Disebut Pacar Baru Gerard Pique,Neutral,Neutral,Neutral,Neutral,Neutral,0
Parah! Akun Twitter Palsu Centang Biru Bikin Resah,Negative,Neutral,Negative,Negative,Negative,-1
Momen Hangat Wendi Cagur Saat Santap Bareng Keluarga,Neutral,Positive,Positive,Positive,Positive,1
Potret Politikus PDIP yang Laporkan Hoax 'Megawati Meninggal',Neutral,Neutral,Neutral,Neutral,Neutral,0
"Viral Kabar Pemutihan Utang Pinjol, OJK Bilang Begini",Neutral,Neutral,Neutral,Neutral,Neutral,0
Kabar Hoax Demo Hari Ini: Atrium Senen Dijarah-Pendemo Masuk Mal,Neutral,Negative,Neutral,Neutral,Neutral,0
"Video 'Massa Masuk Mal Atrium' Hoax, Polisi Imbau Warga Tak Terprovokasi",Neutral,Negative,Neutral,Neutral,Neutral,0
Hoax! Influencer Bikin Konten Settingan Roti Kari Isi Paha Ayam Utuh,Neutral,Neutral,Negative,Neutral,Neutral,0
Polisi Bantah Kabar Korban Tewas Saat Ricuh Usai Laga PSIM Vs Persib: Hoax!,Neutral,Negative,Negative,Negative,Negative,-1
Polisi Usut Akun WA Umar Hamkan soal Hoax Surat Izin PDAM Bayar Rp 10 Ribu,Neutral,Neutral,Neutral,Neutral,Neutral,0
Kronologi Akun WA Umar Hamkan Diduga Sebar Hoax Surat Izin Bayar Rp 10 Ribu,Neutral,Neutral,Neutral,Neutral,Neutral,0
PDAM Makassar Polisikan Pemilik Akun WA Umar Hamkan soal Hoax Surat Izin Rp 10 Ribu,Neutral,Neutral,Neutral,Neutral,Neutral,0
"Puskesmas di Karawang Diviralkan Rusak Akibat Gempa, BNPB Ungkap Faktanya",Neutral,Neutral,Neutral,Neutral,Neutral,0
"Video Sri Mulyani Kena Deepfake, Ini Pernyataan Aslinya soal Guru-Dosen",Neutral,Neutral,Neutral,Neutral,Neutral,0
"Diisukan Meninggal, Andre Taulany Boyong Para Sahabat Untuk Makan Bersama",Neutral,Negative,Neutral,Neutral,Neutral,0
Potret Model Only Fans Jadi Korban Hoax Disebut Pacar Baru Gerard Pique,Neutral,Negative,Neutral,Neutral,Neutral,0
Parah! Akun Twitter Palsu Centang Biru Bikin Resah,Negative,Neutral,Negative,Negative,Negative,-1
Momen Hangat Wendi Cagur Saat Santap Bareng Keluarga,Neutral,Positive,Positive,Positive,Positive,1
Potret Politikus PDIP yang Laporkan Hoax 'Megawati Meninggal',Neutral,Neutral,Neutral,Neutral,Neutral,0
"Video Sri Mulyani Sebut Guru Beban Negara Viral, Begini Kronologi-Klarifikasi dari Kemenkeu",Neutral,Negative,Neutral,Neutral,Neutral,0
Pernyataan Sri Mulyani Tentang Gaji Guru yang Diviralkan Jadi Beban Negara,Neutral,Negative,Neutral,Neutral,Neutral,0
"Viral Sri Mulyani Sebut Guru Beban Negara, Kemenkeu Langsung Bantah",Neutral,Negative,Neutral,Neutral,Neutral,0
"2 Polisi Tewas Saat Amankan Demo Pati Hoaks, Begini Faktanya",Neutral,Neutral,Neutral,Neutral,Neutral,0
Ada Hoax Gibran Disebut Klarifikasi Janji 19 Juta Lapangan Kerja,Neutral,Neutral,Neutral,Neutral,Neutral,0
Tentang Jessica Radcliffe yang Dinarasikan Tewas Diserang Paus Orca,Neutral,Neutral,Neutral,Neutral,Neutral,0
"Jessica Radcliffe Tewas Diserang Paus Orca Ternyata Hoax, Ini Faktanya",Neutral,Neutral,Neutral,Neutral,Neutral,0
"Viral Jessica Radcliffe Tewas Diserang Paus Orca, Ternyata Hoax Bikinan AI",Neutral,Neutral,Neutral,Neutral,Neutral,0
Irjen Karyoto Lacak Penyebar Hoax Sebut Dirinya Marah ke Kapolri,Neutral,Neutral,Neutral,Neutral,Neutral,0
"Isu Teh Pucuk Harum Mengandung Pengawet & Pemanis Buatan, Komdigi: Hoax",Neutral,Neutral,Neutral,Neutral,Neutral,0
"Diisukan Meninggal, Andre Taulany Boyong Para Sahabat Untuk Makan Bersama",Neutral,Negative,Neutral,Neutral,Neutral,0
Potret Model Only Fans Jadi Korban Hoax Disebut Pacar Baru Gerard Pique,Neutral,Neutral,Neutral,Neutral,Neutral,0
Parah! Akun Twitter Palsu Centang Biru Bikin Resah,Negative,Neutral,Negative,Negative,Negative,-1
Momen Hangat Wendi Cagur Saat Santap Bareng Keluarga,Neutral,Positive,Positive,Positive,Positive,1
Potret Politikus PDIP yang Laporkan Hoax 'Megawati Meninggal',Neutral,Neutral,Neutral,Neutral,Neutral,0
"Gibran Bilang Banyak Hoax soal IKN, Langsung Beberkan Fakta Ini",Neutral,Neutral,Neutral,Neutral,Neutral,0
"Jokowi Disebut Kritis di Rumah Sakit, Ajudan Ungkap Kondisi Terkininya",Neutral,Neutral,Neutral,Neutral,Neutral,0
"Demi Putri, Ahmad Dhani Lawan Ghibah di YouTube",Neutral,Neutral,Neutral,Neutral,Neutral,0
"Kabar Hoaks Jokowi Kritis di RS, Relawan Sebut Dibuat Pembenci",Neutral,Neutral,Neutral,Neutral,Neutral,0
"Hoax Jokowi Dikabarkan Kritis, Begini Kabar Terakhirnya",Neutral,Neutral,Neutral,Neutral,Neutral,0
"Beredar Isu Jokowi Kritis dan Dilarikan ke RS, Ini Faktanya",Neutral,Neutral,Neutral,Neutral,Neutral,0
Video Warga Thailand Dilarang ke Bunker Israel Ternyata Misinformasi,Neutral,Neutral,Neutral,Neutral,Neutral,0
"Awas Hoax Nomor WhatsApp Aduan Pemburu Preman, Ini yang Asli",Neutral,Negative,Neutral,Neutral,Neutral,0
"Beredar Kabar Ada Pemutihan Pinjol Resmi, OJK Pastikan Hoax!",Neutral,Negative,Neutral,Neutral,Neutral,0
"Awas Kegocek, 'Video' Jet Tempur India Vs Pakistan Ternyata Game Arma 3",Neutral,Neutral,Neutral,Neutral,Neutral,0
"Diisukan Meninggal, Andre Taulany Boyong Para Sahabat Untuk Makan Bersama",Neutral,Negative,Neutral,Neutral,Neutral,0
Potret Model Only Fans Jadi Korban Hoax Disebut Pacar Baru Gerard Pique,Neutral,Neutral,Neutral,Neutral,Neutral,0
Parah! Akun Twitter Palsu Centang Biru Bikin Resah,Negative,Neutral,Negative,Negative,Negative,-1
Momen Hangat Wendi Cagur Saat Santap Bareng Keluarga,Neutral,Positive,Positive,Positive,Positive,1
Potret Politikus PDIP yang Laporkan Hoax 'Megawati Meninggal',Neutral,Neutral,Neutral,Neutral,Neutral,0
Tak Ada Jalan Berbayar di Jakarta,Positive,Positive,Negative,Positive,Positive,1
"Beredar Kabar Pemutihan Utang Pinjol 1 Mei, OJK Pastikan Hoax",Neutral,Negative,Neutral,Neutral,Neutral,0
Beredar Hoax Phuket Tenggelam karena Gempa Besar,Neutral,Negative,Neutral,Neutral,Neutral,0
"e-Money Bisa Dipakai Naik KRL, KAI Commuter Bantah Kabar di Medsos",Neutral,Negative,Neutral,Neutral,Neutral,0
Di balik film Rangga & Cinta â€“ Kenapa tak biarkan saja Gen-Z punya memorinya sendiri?,Neutral,Neutral,Positive,Neutral,Neutral,0
DPRD tolak pemakzulan Bupati Pati Sudewo,Neutral,Negative,Neutral,Neutral,Neutral,0
"Video,
Bersepeda dari Inggris ke Australia, singgah di Indonesia â€“ Menapaki jejak sang ayah 40 tahun lalu
, Durasi 3,41",Neutral,Neutral,Neutral,Neutral,Neutral,0
"Petisi untuk batalkan TKA 2025 â€“ 'Persiapan tiga bulan, kami belum siap'",Neutral,Neutral,Neutral,Neutral,Neutral,0
"Atap bangunan pesantren di Situbondo roboh, satu orang meninggal dan belasan terluka â€“ Kenapa berulang?",Negative,Negative,Negative,Negative,Negative,-1
Mendagri Tito Karnavian ancam berhentikan kepala daerah yang tak dukung program strategis nasional â€“ Apakah bisa demikian?,Neutral,Neutral,Negative,Neutral,Neutral,0
Elegi Suku Malind Anim di balik PSN Merauke â€“ 'Sedang dalam pemusnahan',Neutral,Neutral,Neutral,Neutral,Neutral,0
Pro-kontra fotografer di ruang publik â€“ Pelanggaran privasi?,Neutral,Neutral,Negative,Neutral,Neutral,0
Purbaya hendak terbitkan aturan berantas pakaian bekas impor â€“ Kenapa produk ilegal itu sulit ditangani?,Positive,Positive,Neutral,Positive,Positive,1
"Prabowo siap kirim pasukan perdamaian ke Gaza, Netanyahu berkata 'Israel yang menentukan'",Neutral,Neutral,Neutral,Neutral,Neutral,0
"Disekap, disetrum, dan dipukul hingga babak belur: Pengakuan WNI yang menyelamatkan diri dari perusahaan scam di Kamboja",Negative,Negative,Neutral,Negative,Negative,-1
"Pasukan internasional tidak akan mau menegakkan perdamaian di Gaza, kata Raja Yordania",Neutral,Negative,Neutral,Neutral,Neutral,0
Kontradiksi gelar pahlawan nasional untuk Marsinah dan Soeharto â€“ 'Ini manipulasi politik dan sejarah yang luar biasa',Negative,Neutral,Negative,Negative,Negative,-1
Bahasa Portugis masuk sekolah â€“ 'Pengajar di Indonesia tidak sampai lima orang',Negative,Neutral,Negative,Negative,Negative,-1
"Prabowo restui pembentukan Ditjen Pesantren di Kemenag, apa urgensinya?",Neutral,Neutral,Negative,Neutral,Neutral,0
"Tolak atlet Israel, Indonesia disanksi penyelenggara Olimpiade â€“ Bagaimana kontroversinya?",Neutral,Neutral,Neutral,Neutral,Neutral,0
"Mikroplastik dalam air hujan di Jakarta â€“ 'Bukan air hujannya yang berbahaya, tapi udaranya'",Negative,Negative,Neutral,Negative,Negative,-1
WNA kini bisa jadi bos BUMN â€“ Apa untung dan ruginya untuk Indonesia?,Neutral,Negative,Neutral,Neutral,Neutral,0
Kampung di Buton meminjam aksara Korea demi lestarikan bahasa Cia-Cia yang terancam punah â€“ Berhasilkah mereka?,Neutral,Neutral,Neutral,Neutral,Neutral,0
Prabowo ingin Indonesia punya mobil nasional dalam tiga tahun â€“ Apa yang bisa dipelajari dari kegagalan mobil Timor dan Esemka?,Neutral,Positive,Neutral,Neutral,Neutral,0
'Sekarang sudah lega' â€“ Mengapa putusan MK jadi kabar bahagia masyarakat adat yang tinggal di hutan?,Positive,Neutral,Positive,Positive,Positive,1
Kematian mahasiswa Timothy Anugerah dan dugaan perundungan di Universitas Udayana,Negative,Negative,Negative,Negative,Negative,-1
Indonesia pulangkan dua warga UK terpidana mati dan seumur hidup kasus narkoba â€“ Apa alasannya?,Neutral,Neutral,Neutral,Neutral,Neutral,0
"Eks Kapolres Ngada divonis 19 tahun penjara, terbukti cabuli tiga anak dan unggah video di situs porno Australia",Positive,Negative,Neutral,TIED,Neutral,0
'Warga menjaga guru seperti darah daging mereka' â€“ Siapa sebenarnya yang membunuh guru Melani Wamea di Yahukimo?,Negative,Negative,Neutral,Negative,Negative,-1
Sekolah-sekolah yang mengelola dapur mandiri di tengah ribuan kasus keracunan MBG,Negative,Neutral,Neutral,Neutral,Neutral,0
Survei kinerja Prabowo â€“ Apakah gelombang unjuk rasa diperhitungkan dan sejauh mana bias dalam klaim kepuasan publik?,Neutral,Neutral,Negative,Neutral,Neutral,0
"Bagaimana militer, pengusaha, dan partai politik menopang kekuasaan Prabowo Subianto?",Neutral,Neutral,Negative,Neutral,Neutral,0
"Setahun pemerintahan Prabowo â€“ Citra 'kakek gemoy' berakhir, karakter militeristis kembali tampil",Neutral,Neutral,Negative,Neutral,Neutral,0
Dilema pembangunan di Mandalika â€“ Haruskah pariwisata Lombok meniru Bali?,Neutral,Neutral,Neutral,Neutral,Neutral,0
Setahun pemerintahan Prabowo-Gibran â€“ 'Arah balik demokrasi' dan apa saja tantangan yang mungkin dihadapi ke depan?,Neutral,Neutral,Negative,Neutral,Neutral,0
Pajak uang pensiun dan pesangon digugat ke MK â€“ 'Mengapa negara tega?',Neutral,Neutral,Negative,Neutral,Neutral,0
'Kekerasan seksual di pesantren bukan dibesar-besarkan' â€“ Lebih dari 40.000 santri rentan mengalami kekerasan seksual,Negative,Negative,Negative,Negative,Negative,-1
'Jangan pisahkan Zahira dengan Mama' â€“ Kisah ibu yang kewarganegaraannya ditolak Indonesia dan Malaysia,Neutral,Negative,Neutral,Neutral,Neutral,0
PSSI pecat Patrick Kluivert setelah gagal membawa Indonesia lolos ke Piala Dunia 2026,Negative,Positive,Neutral,TIED,Neutral,0
Apakah renovasi Ponpes Al Khoziny di Sidoarjo dapat menggunakan APBN? â€“ 'Jangan sampai niat baik langgar tata kelola',Neutral,Neutral,Neutral,Neutral,Neutral,0
'Alarm keras' radiasi Cesium 137 â€“ Mengapa pemerintah Indonesia baru bertindak setelah ada laporan dari AS?,Negative,Negative,Negative,Negative,Negative,-1
Isi percakapan Prabowo dan Trump di KTT Gaza yang terekam dan tersebar â€“ Apa respons Menlu Sugiono?,Neutral,Neutral,Neutral,Neutral,Neutral,0
"Cerita sarjana yang sulit cari kerja dan mendaftar Program Magang Nasional â€“ 'Tidak apa lari dari jurusan, yang penting kerja'",Positive,Negative,Neutral,TIED,Neutral,0
Foto-foto yang disembunyikan jadi saksi peristiwa kekerasan 1965 â€“ Dari pawai meriah PKI hingga dua jenazah tanpa nama,Neutral,Negative,Neutral,Neutral,Neutral,0
'Ekosida' Pantura: Bagaimana konversi lahan tani ke industri membunuh mimpi swasembada pangan,Negative,Negative,Neutral,Negative,Negative,-1
"Menkeu Purbaya tolak utang kereta cepat ditanggung APBN, adakah solusi menyelesaikan beban utang proyek ini?",Neutral,Neutral,Negative,Neutral,Neutral,0
Kebijakan 10% etanol pada BBM dikhawatirkan memperparah deforestasi dan konflik lahan,Negative,Neutral,Negative,Negative,Negative,-1
"'Siswa sekolah sempat dipulangkan, tiang listrik bergoyang' â€“ Kesaksian warga Sangihe dan Talaud Sulawesi Utara saat gempa magnitudo 7,4 mengguncang",Negative,Negative,Neutral,Negative,Negative,-1
'Kami diadu perusahaan' â€“ Penyerangan terhadap masyarakat adat penentang PSN Merauke,Negative,Negative,Neutral,Negative,Negative,-1
'Ekosida' di Pantura: 'Kongkalikong' yang menggerus ruang hidup warga pesisir utara Jawa,Negative,Negative,Neutral,Negative,Negative,-1
"Polisi mulai selidiki penyebab ambruknya Ponpes Al Khoziny, keluarga korban menanti kepastian identifikasi â€“ 'Istri saya masih terbayang anaknya seolah masih hidup'",Neutral,Negative,Neutral,Neutral,Neutral,0
Polemik kebijakan Dedi Mulyadi minta warga Jabar donasi Rp1.000 per hari â€“ 'Kalau dikorupsi bagaimana?',Neutral,Neutral,Negative,Neutral,Neutral,0
Polemik kebijakan Dedi Mulyadi minta warga Jabar donasi Rp1.000 per hari â€“ 'Kalau dikorupsi bagaimana?',Neutral,Neutral,Negative,Neutral,Neutral,0
"Ponpes Al Khoziny sebut ambruknya musala sebagai 'takdir dari Allah', polisi janji lakukan upaya hukum â€“ 'Tidak bisa berlindung dengan dalih takdir'",Neutral,Negative,Neutral,Neutral,Neutral,0
"Gedung Pondok Pesantren Al Khoziny di Sidoarjo runtuh â€“ Pencarian korban dihentikan, ditemukan 61 jenazah dan 7 bagian tubuh",Negative,Negative,Neutral,Negative,Negative,-1
"'Ekosida' di Pantura: Pengembangan industri ancam pesisir utara Jawa makin cepat tenggelam â€“ 'Banjir sudah puluhan tahun, ini pembiaran sistematis'",Negative,Negative,Neutral,Negative,Negative,-1
Meteor melintasi Cirebon dan jatuh di Laut Jawa â€“ Seberapa besar ukuran dan apa dampaknya?,Neutral,Neutral,Neutral,Neutral,Neutral,0
"Tiga seniman perempuan Aceh melawan dominasi patriarki â€“ 'Saya tidak menolak syariat, tapi kenapa fokusnya ke tubuh perempuan, dan bukan korupsi'",Positive,Neutral,Neutral,Neutral,Neutral,0
"Video,
Cerita Alfatih, santri yang terjebak dua malam di reruntuhan Ponpes Al Khoziny
, Durasi 2,12",Neutral,Positive,Neutral,Neutral,Neutral,0
Teka-teki kematian siswi SMK di Bandung Barat yang dikaitkan keracunan MBG,Negative,Negative,Neutral,Negative,Negative,-1
"Keresahan warga dekat pabrik sumber radioaktif di Banten â€“ 'Mereka pakai masker, sarung tangan, tapi enggak ada yang menjelaskan'",Negative,Negative,Neutral,Negative,Negative,-1
Kisah tim penyelamat mengevakuasi korban reruntuhan Ponpes Al Khoziny,Neutral,Negative,Neutral,Neutral,Neutral,0
Prabowo instruksikan rapid test MBG â€“ Apakah efektif cegah keracunan dan keberulangan status KLB?,Neutral,Positive,Neutral,Neutral,Neutral,0
"Kesaksian santri ikut pengecoran Ponpes Al Khoziny â€“ 'Seandainya masih di atas bangunan, tentu ikut jatuh'",Neutral,Neutral,Neutral,Neutral,Neutral,0
Warga Aceh tuntut kompensasi pemadaman listrik berhari-hari â€“ 'Pemadaman listrik terburuk pasca-konflik dan tsunami',Negative,Negative,Neutral,Negative,Negative,-1
"DPR sahkan Revisi UU BUMN â€“ Kementerian BUMN dihapus, diubah menjadi Badan Pengaturan",Neutral,Neutral,Neutral,Neutral,Neutral,0
Kesaksian korban selamat Ponpes Al Khoziny: 'Antara sadar dan mimpi dalam gelap',Neutral,Negative,Neutral,Neutral,Neutral,0
'Manusia Jawa' kembali ke Indonesia â€“ Sisi gelap penemuan Pithecanthropus Erectus,Negative,Neutral,Neutral,Neutral,Neutral,0
Tiga terdakwa kasus pemerasan PPDS Undip divonis 'lebih ringan' dari tuntutan jaksa â€“ 'Putusan ini tidak memberikan efek jera kepada pelaku',Negative,Negative,Neutral,Negative,Negative,-1
"TNI diduga tembak warga di Asmat, Papua hingga tewas â€“ 'Kenapa menangani orang mabuk harus pakai senjata?'",Negative,Negative,Negative,Negative,Negative,-1
"Video,
Keluarga korban ponpes roboh: 'Apakah keponakan saya bisa ditemukan dengan selamat?'
, Durasi 2,07",Negative,Negative,Neutral,Negative,Negative,-1
Tragedi 1965 dan 'mantra ampuh' di balik citra surgawi pariwisata Bali,Neutral,Neutral,Neutral,Neutral,Neutral,0
Trump dan Netanyahu menyepakati rencana perdamaian di Gaza â€“ Apa sikap Indonesia?,Neutral,Neutral,Neutral,Neutral,Neutral,0
"Ribuan kasus keracunan, SPPG terus beroperasi â€“ 'Sertifikat laik kebersihan sedang diurus'",Negative,Negative,Neutral,Negative,Negative,-1
"Video,
Pesantren ambruk, ratusan siswa dievakuasi
, Durasi 1,34",Negative,Negative,Neutral,Negative,Negative,-1
Tragedi 1965 di Padang Halaban â€“ 'Tanah rakyat diambil tentara dengan memanfaatkan sentimen PKI',Negative,Neutral,Neutral,Neutral,Neutral,0
MK putuskan UU Tapera bertentangan dengan UUD 1945 dan harus diubah â€“ 'Tapera akan menjadi beban pekerja terlebih lagi bagi yang terkena PHK',Positive,Negative,Negative,Negative,Negative,-1
"Tentara merampas tanah rakyat secara sistematis saat Tragedi 1965 â€“ Dicap komunis, lahannya dipakai berbisnis",Negative,Neutral,Negative,Negative,Negative,-1
Ribuan kasus keracunan akibat MBG â€“ Evaluasi SPPG dan standar higienis jadi prioritas pemerintah,Negative,Negative,Neutral,Negative,Negative,-1
'Ekspektasi versus realita' â€“ Apakah Bali telah menjadi korban kesuksesan pariwisata?,Neutral,Neutral,Neutral,Neutral,Neutral,0
Di balik RUU Perampasan Aset: Kisah buron kakak Edy Tansil dan 'ketakutan dipakai sebagai alat gebuk negara',Neutral,Neutral,Neutral,Neutral,Neutral,0
"Video,
Bagaimana kebijakan Rp200 triliun Menkeu Purbaya bisa terasa oleh masyarakat?
, Durasi 5,33",Neutral,Neutral,Neutral,Neutral,Neutral,0
"APBN 2026: Defisit Rp689,1 triliun â€“ â€˜Tingkatkan penerimaan, pajak kelas atas belum tergarapâ€™",Negative,Neutral,Neutral,Neutral,Neutral,0
Apakah korban keracunan Makan Bergizi Gratis bisa menggugat pemerintah secara hukum?,Neutral,Neutral,Neutral,Neutral,Neutral,0
"IKN jadi ibu kota politik pada 2028, apa maksudnya?",Neutral,Neutral,Neutral,Neutral,Neutral,0
"Dua karyawan Freeport yang terjebak di bawah tanah ditemukan meninggal dunia, polisi ungkap identitasnya",Negative,Negative,Neutral,Negative,Negative,-1
Warga Pati kembali demo tuntut bupati lengser â€“ Bagaimana mekanisme pemberhentian kepala daerah?,Neutral,Negative,Neutral,Neutral,Neutral,0
"Nestapa pengamen ondel-ondel Betawi â€“ 'Kalau dilarang, kita makan apa?'",Neutral,Negative,Neutral,Neutral,Neutral,0
"Video,
Uji formil UU TNI ditolak MK, apa dampaknya?
, Durasi 3,34",Neutral,Neutral,Neutral,Neutral,Neutral,0
Mengapa Prabowo merekrut sejumlah eks-tentara pada era tragedi 1998?,Neutral,Neutral,Neutral,Neutral,Neutral,0
"Kerusuhan di Kabupaten Yalimo, Papua Pegunungan, disinyalir dipicu ucapan rasis pelajar SMA â€“ Mengapa kasus rasisme selalu berulang?",Negative,Negative,Negative,Negative,Negative,-1
Polisi tembak polisi hingga tewas di Sumbar divonis hukuman penjara seumur hidup,Neutral,Negative,Neutral,Neutral,Neutral,0
MK tolak uji formil UU TNI â€“ Apa alasannya dan bagaimana dampaknya?,Neutral,Neutral,Neutral,Neutral,Neutral,0
"Prabowo lantik Djamari Chaniago sebagai Menko Polkam, Eric Thohir Menpora",Neutral,Neutral,Neutral,Neutral,Neutral,0
"Video,
Kiprah perempuan adat Yenbuba merestorasi terumbu karang Raja Ampat yang rusak
, Durasi 2,40",Positive,Positive,Neutral,Positive,Positive,1
Video Presiden Prabowo tayang di bioskop â€“ Apakah praktik Orde Baru hadir kembali?,Neutral,Neutral,Negative,Neutral,Neutral,0
"Stok BBM di SPBU swasta nyaris nihil, apa dampak dugaan monopoli terhadap konsumen?",Negative,Negative,Negative,Negative,Negative,-1
'Paket stimulus ekonomi 8+4+5' demi kejar target pertumbuhan ekonomi â€“ Apa saja yang perlu diketahui?,Positive,Positive,Neutral,Positive,Positive,1
Lima anggota geng ditangkap terkait pembunuhan staf KBRI di Peru â€“ Bagaimana perkembangan investigasi sejauh ini?,Neutral,Negative,Neutral,Neutral,Neutral,0
Presiden Prabowo akan bagikan 330 ribu televisi pintar ke sekolah â€“ Apakah program ini tepat sasaran?,Neutral,Positive,Neutral,Neutral,Neutral,0
Presiden Prabowo akan bagikan 330 ribu televisi pintar ke sekolah â€“ Apakah program ini tepat sasaran?,Neutral,Positive,Neutral,Neutral,Neutral,0
"Video,
Apa hubungan bendera One Piece di demonstrasi Nepal dan Prancis dengan Indonesia?
, Durasi 3,43",Neutral,Neutral,Neutral,Neutral,Neutral,0
Di balik 'Norma: Antara Mertua dan Menantu' â€“ Mengapa film tema selingkuh digemari di Asia Tenggara?,Neutral,Neutral,Neutral,Neutral,Neutral,0
Dua pria Australia ditangkap atas tuduhan memasok senjata api ke TPNPB-OPM,Positive,Negative,Neutral,TIED,Neutral,0
Mahasiswa Indonesia meninggal setelah menemani kunjungan pejabat ke Austria,Negative,Negative,Neutral,Negative,Negative,-1
Anggota TNI jadi tersangka kasus dugaan pembunuhan kepala cabang BRI â€“ Ada apa di balik kasus ini?,Negative,Negative,Neutral,Negative,Negative,-1
"Suntikan dana pemerintah Rp200 triliun ke perbankan, apa yang patut diketahui?",Neutral,Positive,Neutral,Neutral,Neutral,0
"Bahlil izinkan tambang nikel beroperasi kembali di Raja Ampat, Greenpeace sebut 'pemerintah dan korporasi serakah'",Negative,Negative,Negative,Negative,Negative,-1
"Banjir Bali terparah sepanjang satu dekade, korban meninggal bertambah menjadi 16 orang",Negative,Negative,Neutral,Negative,Negative,-1
"Bendera One Piece berkibar di tengah aksi demonstrasi di Indonesia, Nepal, dan Prancis - 'Bentuk rasa frustrasi anak muda pada pemerintah'",Negative,Negative,Neutral,Negative,Negative,-1
Kisah perempuan adat Yenbuba merestorasi terumbu karang Raja Ampat yang rusak akibat insiden Caledonian Sky tujuh tahun lalu,Positive,Positive,Neutral,Positive,Positive,1
Pemuda asli Papua tewas diduga akibat dianiaya polisi â€“ 'Nyawa kami seakan mudah sekali dibunuh',Negative,Negative,Neutral,Negative,Negative,-1
"Tunjangan rumah DPRD Jakarta, Jateng, Jabar, dan Sumut mencapai Rp40 juta-Rp70 juta",Neutral,Negative,Neutral,Neutral,Neutral,0
Anak gajah bernama Tari mati di Taman Nasional Tesso Nilo â€“ Apa penyebab kematiannya?,Negative,Negative,Neutral,Negative,Negative,-1
"Purbaya dilantik jadi menteri keuangan, apa saja PR yang harus dituntaskan?",Neutral,Positive,Neutral,Neutral,Neutral,0
Aktivis lingkungan NTT ditemukan meninggal â€“ Apa yang diketahui sejauh ini?,Negative,Negative,Neutral,Negative,Negative,-1
'Mamah tidak rela hidup terus-terusan susah' â€“ Kisah ibu dan dua anak di Kabupaten Bandung mengakhiri hidup diduga karena tekanan ekonomi,Negative,Negative,Neutral,Negative,Negative,-1
Sri Mulyani minta maaf setelah serahkan jabatan kepada menkeu yang baru,Neutral,Positive,Neutral,Neutral,Neutral,0
21 tahun kematian Munir â€“ Mengapa kasusnya sulit diungkap?,Negative,Negative,Negative,Negative,Negative,-1
Mengapa foto Menhut Raja Juli bermain domino dengan bekas tersangka pembalak liar problematik?,Neutral,Negative,Neutral,Neutral,Neutral,0
"Didakwa lakukan makar, empat warga Papua mulai disidangkan di Makassar â€“ 'Mereka cuma antar surat, tapi dituduh berencana makar'",Neutral,Negative,Neutral,Neutral,Neutral,0
Dari tumpukan sampah menjadi benda berguna: Kisah warga Sumenep atasi masalah sampah yang semakin 'serius',Positive,Positive,Neutral,Positive,Positive,1
